time_ns,current,Q_cum
0.500,0.000000e+00,0.000000e+00
1.500,0.000000e+00,0.000000e+00
2.500,0.000000e+00,0.000000e+00
3.500,0.000000e+00,0.000000e+00
4.500,0.000000e+00,0.000000e+00
5.500,0.000000e+00,0.000000e+00
6.500,0.000000e+00,0.000000e+00
7.500,0.000000e+00,0.000000e+00
8.500,0.000000e+00,0.000000e+00
9.500,0.000000e+00,0.000000e+00
10.500,0.000000e+00,0.000000e+00
11.500,0.000000e+00,0.000000e+00
12.500,0.000000e+00,0.000000e+00
13.500,0.000000e+00,0.000000e+00
14.500,0.000000e+00,0.000000e+00
15.500,0.000000e+00,0.000000e+00
16.500,0.000000e+00,0.000000e+00
17.500,0.000000e+00,0.000000e+00
18.500,0.000000e+00,0.000000e+00
19.500,0.000000e+00,0.000000e+00
20.500,0.000000e+00,0.000000e+00
21.500,0.000000e+00,0.000000e+00
22.500,0.000000e+00,0.000000e+00
23.500,0.000000e+00,0.000000e+00
24.500,0.000000e+00,0.000000e+00
25.500,0.000000e+00,0.000000e+00
26.500,0.000000e+00,0.000000e+00
27.500,0.000000e+00,0.000000e+00
28.500,0.000000e+00,0.000000e+00
29.500,0.000000e+00,0.000000e+00
30.500,0.000000e+00,0.000000e+00
31.500,0.000000e+00,0.000000e+00
32.500,0.000000e+00,0.000000e+00
33.500,0.000000e+00,0.000000e+00
34.500,0.000000e+00,0.000000e+00
35.500,0.000000e+00,0.000000e+00
36.500,0.000000e+00,0.000000e+00
37.500,0.000000e+00,0.000000e+00
38.500,0.000000e+00,0.000000e+00
39.500,0.000000e+00,0.000000e+00
40.500,0.000000e+00,0.000000e+00
41.500,0.000000e+00,0.000000e+00
42.500,0.000000e+00,0.000000e+00
43.500,0.000000e+00,0.000000e+00
44.500,0.000000e+00,0.000000e+00
45.500,0.000000e+00,0.000000e+00
46.500,0.000000e+00,0.000000e+00
47.500,0.000000e+00,0.000000e+00
48.500,0.000000e+00,0.000000e+00
49.500,0.000000e+00,0.000000e+00
50.500,0.000000e+00,0.000000e+00
51.500,0.000000e+00,0.000000e+00
52.500,0.000000e+00,0.000000e+00
53.500,0.000000e+00,0.000000e+00
54.500,0.000000e+00,0.000000e+00
55.500,0.000000e+00,0.000000e+00
56.500,0.000000e+00,0.000000e+00
57.500,0.000000e+00,0.000000e+00
58.500,0.000000e+00,0.000000e+00
59.500,0.000000e+00,0.000000e+00
60.500,0.000000e+00,0.000000e+00
61.500,0.000000e+00,0.000000e+00
62.500,0.000000e+00,0.000000e+00
63.500,0.000000e+00,0.000000e+00
64.500,0.000000e+00,0.000000e+00
65.500,0.000000e+00,0.000000e+00
66.500,0.000000e+00,0.000000e+00
67.500,0.000000e+00,0.000000e+00
68.500,0.000000e+00,0.000000e+00
69.500,0.000000e+00,0.000000e+00
70.500,0.000000e+00,0.000000e+00
71.500,0.000000e+00,0.000000e+00
72.500,0.000000e+00,0.000000e+00
73.500,0.000000e+00,0.000000e+00
74.500,0.000000e+00,0.000000e+00
75.500,0.000000e+00,0.000000e+00
76.500,0.000000e+00,0.000000e+00
77.500,0.000000e+00,0.000000e+00
78.500,0.000000e+00,0.000000e+00
79.500,0.000000e+00,0.000000e+00
80.500,0.000000e+00,0.000000e+00
81.500,0.000000e+00,0.000000e+00
82.500,0.000000e+00,0.000000e+00
83.500,0.000000e+00,0.000000e+00
84.500,0.000000e+00,0.000000e+00
85.500,0.000000e+00,0.000000e+00
86.500,0.000000e+00,0.000000e+00
87.500,0.000000e+00,0.000000e+00
88.500,0.000000e+00,0.000000e+00
89.500,0.000000e+00,0.000000e+00
90.500,0.000000e+00,0.000000e+00
91.500,0.000000e+00,0.000000e+00
92.500,0.000000e+00,0.000000e+00
93.500,0.000000e+00,0.000000e+00
94.500,0.000000e+00,0.000000e+00
95.500,0.000000e+00,0.000000e+00
96.500,0.000000e+00,0.000000e+00
97.500,0.000000e+00,0.000000e+00
98.500,0.000000e+00,0.000000e+00
99.500,0.000000e+00,0.000000e+00
100.500,0.000000e+00,0.000000e+00
101.500,0.000000e+00,0.000000e+00
102.500,0.000000e+00,0.000000e+00
103.500,0.000000e+00,0.000000e+00
104.500,0.000000e+00,0.000000e+00
105.500,0.000000e+00,0.000000e+00
106.500,0.000000e+00,0.000000e+00
107.500,0.000000e+00,0.000000e+00
108.500,0.000000e+00,0.000000e+00
109.500,0.000000e+00,0.000000e+00
110.500,0.000000e+00,0.000000e+00
111.500,0.000000e+00,0.000000e+00
112.500,0.000000e+00,0.000000e+00
113.500,0.000000e+00,0.000000e+00
114.500,0.000000e+00,0.000000e+00
115.500,0.000000e+00,0.000000e+00
116.500,0.000000e+00,0.000000e+00
117.500,0.000000e+00,0.000000e+00
118.500,0.000000e+00,0.000000e+00
119.500,0.000000e+00,0.000000e+00
120.500,0.000000e+00,0.000000e+00
121.500,0.000000e+00,0.000000e+00
122.500,0.000000e+00,0.000000e+00
123.500,0.000000e+00,0.000000e+00
124.500,0.000000e+00,0.000000e+00
125.500,0.000000e+00,0.000000e+00
126.500,0.000000e+00,0.000000e+00
127.500,0.000000e+00,0.000000e+00
128.500,0.000000e+00,0.000000e+00
129.500,0.000000e+00,0.000000e+00
130.500,0.000000e+00,0.000000e+00
131.500,0.000000e+00,0.000000e+00
132.500,0.000000e+00,0.000000e+00
133.500,0.000000e+00,0.000000e+00
134.500,0.000000e+00,0.000000e+00
135.500,0.000000e+00,0.000000e+00
136.500,0.000000e+00,0.000000e+00
137.500,0.000000e+00,0.000000e+00
138.500,0.000000e+00,0.000000e+00
139.500,0.000000e+00,0.000000e+00
140.500,0.000000e+00,0.000000e+00
141.500,0.000000e+00,0.000000e+00
142.500,0.000000e+00,0.000000e+00
143.500,0.000000e+00,0.000000e+00
144.500,0.000000e+00,0.000000e+00
145.500,0.000000e+00,0.000000e+00
146.500,0.000000e+00,0.000000e+00
147.500,0.000000e+00,0.000000e+00
148.500,0.000000e+00,0.000000e+00
149.500,0.000000e+00,0.000000e+00
150.500,0.000000e+00,0.000000e+00
151.500,0.000000e+00,0.000000e+00
152.500,0.000000e+00,0.000000e+00
153.500,0.000000e+00,0.000000e+00
154.500,0.000000e+00,0.000000e+00
155.500,0.000000e+00,0.000000e+00
156.500,0.000000e+00,0.000000e+00
157.500,0.000000e+00,0.000000e+00
158.500,0.000000e+00,0.000000e+00
159.500,0.000000e+00,0.000000e+00
160.500,0.000000e+00,0.000000e+00
161.500,0.000000e+00,0.000000e+00
162.500,0.000000e+00,0.000000e+00
163.500,0.000000e+00,0.000000e+00
164.500,0.000000e+00,0.000000e+00
165.500,0.000000e+00,0.000000e+00
166.500,0.000000e+00,0.000000e+00
167.500,0.000000e+00,0.000000e+00
168.500,0.000000e+00,0.000000e+00
169.500,0.000000e+00,0.000000e+00
170.500,0.000000e+00,0.000000e+00
171.500,0.000000e+00,0.000000e+00
172.500,0.000000e+00,0.000000e+00
173.500,0.000000e+00,0.000000e+00
174.500,0.000000e+00,0.000000e+00
175.500,0.000000e+00,0.000000e+00
176.500,0.000000e+00,0.000000e+00
177.500,0.000000e+00,0.000000e+00
178.500,0.000000e+00,0.000000e+00
179.500,0.000000e+00,0.000000e+00
180.500,0.000000e+00,0.000000e+00
181.500,0.000000e+00,0.000000e+00
182.500,0.000000e+00,0.000000e+00
183.500,0.000000e+00,0.000000e+00
184.500,0.000000e+00,0.000000e+00
185.500,0.000000e+00,0.000000e+00
186.500,0.000000e+00,0.000000e+00
187.500,0.000000e+00,0.000000e+00
188.500,0.000000e+00,0.000000e+00
189.500,0.000000e+00,0.000000e+00
190.500,0.000000e+00,0.000000e+00
191.500,0.000000e+00,0.000000e+00
192.500,0.000000e+00,0.000000e+00
193.500,0.000000e+00,0.000000e+00
194.500,0.000000e+00,0.000000e+00
195.500,0.000000e+00,0.000000e+00
196.500,0.000000e+00,0.000000e+00
197.500,0.000000e+00,0.000000e+00
198.500,0.000000e+00,0.000000e+00
199.500,0.000000e+00,0.000000e+00
200.500,0.000000e+00,0.000000e+00
201.500,0.000000e+00,0.000000e+00
202.500,0.000000e+00,0.000000e+00
203.500,0.000000e+00,0.000000e+00
204.500,0.000000e+00,0.000000e+00
205.500,0.000000e+00,0.000000e+00
206.500,0.000000e+00,0.000000e+00
207.500,0.000000e+00,0.000000e+00
208.500,0.000000e+00,0.000000e+00
209.500,0.000000e+00,0.000000e+00
210.500,0.000000e+00,0.000000e+00
211.500,0.000000e+00,0.000000e+00
212.500,0.000000e+00,0.000000e+00
213.500,0.000000e+00,0.000000e+00
214.500,0.000000e+00,0.000000e+00
215.500,0.000000e+00,0.000000e+00
216.500,0.000000e+00,0.000000e+00
217.500,0.000000e+00,0.000000e+00
218.500,0.000000e+00,0.000000e+00
219.500,0.000000e+00,0.000000e+00
220.500,0.000000e+00,0.000000e+00
221.500,0.000000e+00,0.000000e+00
222.500,0.000000e+00,0.000000e+00
223.500,0.000000e+00,0.000000e+00
224.500,0.000000e+00,0.000000e+00
225.500,0.000000e+00,0.000000e+00
226.500,0.000000e+00,0.000000e+00
227.500,0.000000e+00,0.000000e+00
228.500,0.000000e+00,0.000000e+00
229.500,0.000000e+00,0.000000e+00
230.500,0.000000e+00,0.000000e+00
231.500,0.000000e+00,0.000000e+00
232.500,0.000000e+00,0.000000e+00
233.500,0.000000e+00,0.000000e+00
234.500,0.000000e+00,0.000000e+00
235.500,0.000000e+00,0.000000e+00
236.500,0.000000e+00,0.000000e+00
237.500,0.000000e+00,0.000000e+00
238.500,0.000000e+00,0.000000e+00
239.500,0.000000e+00,0.000000e+00
240.500,0.000000e+00,0.000000e+00
241.500,0.000000e+00,0.000000e+00
242.500,0.000000e+00,0.000000e+00
243.500,0.000000e+00,0.000000e+00
244.500,0.000000e+00,0.000000e+00
245.500,0.000000e+00,0.000000e+00
246.500,0.000000e+00,0.000000e+00
247.500,0.000000e+00,0.000000e+00
248.500,0.000000e+00,0.000000e+00
249.500,0.000000e+00,0.000000e+00
250.500,0.000000e+00,0.000000e+00
251.500,0.000000e+00,0.000000e+00
252.500,0.000000e+00,0.000000e+00
253.500,0.000000e+00,0.000000e+00
254.500,0.000000e+00,0.000000e+00
255.500,0.000000e+00,0.000000e+00
256.500,0.000000e+00,0.000000e+00
257.500,0.000000e+00,0.000000e+00
258.500,0.000000e+00,0.000000e+00
259.500,0.000000e+00,0.000000e+00
260.500,0.000000e+00,0.000000e+00
261.500,0.000000e+00,0.000000e+00
262.500,0.000000e+00,0.000000e+00
263.500,0.000000e+00,0.000000e+00
264.500,0.000000e+00,0.000000e+00
265.500,0.000000e+00,0.000000e+00
266.500,0.000000e+00,0.000000e+00
267.500,0.000000e+00,0.000000e+00
268.500,0.000000e+00,0.000000e+00
269.500,0.000000e+00,0.000000e+00
270.500,0.000000e+00,0.000000e+00
271.500,0.000000e+00,0.000000e+00
272.500,0.000000e+00,0.000000e+00
273.500,0.000000e+00,0.000000e+00
274.500,0.000000e+00,0.000000e+00
275.500,0.000000e+00,0.000000e+00
276.500,0.000000e+00,0.000000e+00
277.500,0.000000e+00,0.000000e+00
278.500,0.000000e+00,0.000000e+00
279.500,0.000000e+00,0.000000e+00
280.500,0.000000e+00,0.000000e+00
281.500,0.000000e+00,0.000000e+00
282.500,0.000000e+00,0.000000e+00
283.500,0.000000e+00,0.000000e+00
284.500,0.000000e+00,0.000000e+00
285.500,0.000000e+00,0.000000e+00
286.500,0.000000e+00,0.000000e+00
287.500,0.000000e+00,0.000000e+00
288.500,0.000000e+00,0.000000e+00
289.500,0.000000e+00,0.000000e+00
290.500,0.000000e+00,0.000000e+00
291.500,0.000000e+00,0.000000e+00
292.500,0.000000e+00,0.000000e+00
293.500,0.000000e+00,0.000000e+00
294.500,0.000000e+00,0.000000e+00
295.500,0.000000e+00,0.000000e+00
296.500,0.000000e+00,0.000000e+00
297.500,0.000000e+00,0.000000e+00
298.500,0.000000e+00,0.000000e+00
299.500,0.000000e+00,0.000000e+00
300.500,0.000000e+00,0.000000e+00
301.500,0.000000e+00,0.000000e+00
302.500,0.000000e+00,0.000000e+00
303.500,0.000000e+00,0.000000e+00
304.500,0.000000e+00,0.000000e+00
305.500,0.000000e+00,0.000000e+00
306.500,0.000000e+00,0.000000e+00
307.500,0.000000e+00,0.000000e+00
308.500,0.000000e+00,0.000000e+00
309.500,0.000000e+00,0.000000e+00
310.500,0.000000e+00,0.000000e+00
311.500,0.000000e+00,0.000000e+00
312.500,0.000000e+00,0.000000e+00
313.500,0.000000e+00,0.000000e+00
314.500,0.000000e+00,0.000000e+00
315.500,0.000000e+00,0.000000e+00
316.500,0.000000e+00,0.000000e+00
317.500,0.000000e+00,0.000000e+00
318.500,0.000000e+00,0.000000e+00
319.500,0.000000e+00,0.000000e+00
320.500,0.000000e+00,0.000000e+00
321.500,0.000000e+00,0.000000e+00
322.500,0.000000e+00,0.000000e+00
323.500,0.000000e+00,0.000000e+00
324.500,0.000000e+00,0.000000e+00
325.500,0.000000e+00,0.000000e+00
326.500,0.000000e+00,0.000000e+00
327.500,0.000000e+00,0.000000e+00
328.500,0.000000e+00,0.000000e+00
329.500,0.000000e+00,0.000000e+00
330.500,0.000000e+00,0.000000e+00
331.500,0.000000e+00,0.000000e+00
332.500,0.000000e+00,0.000000e+00
333.500,0.000000e+00,0.000000e+00
334.500,0.000000e+00,0.000000e+00
335.500,0.000000e+00,0.000000e+00
336.500,0.000000e+00,0.000000e+00
337.500,0.000000e+00,0.000000e+00
338.500,0.000000e+00,0.000000e+00
339.500,0.000000e+00,0.000000e+00
340.500,0.000000e+00,0.000000e+00
341.500,0.000000e+00,0.000000e+00
342.500,0.000000e+00,0.000000e+00
343.500,0.000000e+00,0.000000e+00
344.500,0.000000e+00,0.000000e+00
345.500,0.000000e+00,0.000000e+00
346.500,0.000000e+00,0.000000e+00
347.500,0.000000e+00,0.000000e+00
348.500,0.000000e+00,0.000000e+00
349.500,0.000000e+00,0.000000e+00
350.500,0.000000e+00,0.000000e+00
351.500,0.000000e+00,0.000000e+00
352.500,0.000000e+00,0.000000e+00
353.500,0.000000e+00,0.000000e+00
354.500,0.000000e+00,0.000000e+00
355.500,0.000000e+00,0.000000e+00
356.500,0.000000e+00,0.000000e+00
357.500,0.000000e+00,0.000000e+00
358.500,0.000000e+00,0.000000e+00
359.500,0.000000e+00,0.000000e+00
360.500,0.000000e+00,0.000000e+00
361.500,0.000000e+00,0.000000e+00
362.500,0.000000e+00,0.000000e+00
363.500,0.000000e+00,0.000000e+00
364.500,0.000000e+00,0.000000e+00
365.500,0.000000e+00,0.000000e+00
366.500,0.000000e+00,0.000000e+00
367.500,0.000000e+00,0.000000e+00
368.500,0.000000e+00,0.000000e+00
369.500,0.000000e+00,0.000000e+00
370.500,0.000000e+00,0.000000e+00
371.500,0.000000e+00,0.000000e+00
372.500,0.000000e+00,0.000000e+00
373.500,0.000000e+00,0.000000e+00
374.500,0.000000e+00,0.000000e+00
375.500,0.000000e+00,0.000000e+00
376.500,0.000000e+00,0.000000e+00
377.500,0.000000e+00,0.000000e+00
378.500,0.000000e+00,0.000000e+00
379.500,0.000000e+00,0.000000e+00
380.500,0.000000e+00,0.000000e+00
381.500,0.000000e+00,0.000000e+00
382.500,0.000000e+00,0.000000e+00
383.500,0.000000e+00,0.000000e+00
384.500,0.000000e+00,0.000000e+00
385.500,0.000000e+00,0.000000e+00
386.500,0.000000e+00,0.000000e+00
387.500,0.000000e+00,0.000000e+00
388.500,0.000000e+00,0.000000e+00
389.500,0.000000e+00,0.000000e+00
390.500,0.000000e+00,0.000000e+00
391.500,0.000000e+00,0.000000e+00
392.500,0.000000e+00,0.000000e+00
393.500,0.000000e+00,0.000000e+00
394.500,0.000000e+00,0.000000e+00
395.500,0.000000e+00,0.000000e+00
396.500,0.000000e+00,0.000000e+00
397.500,0.000000e+00,0.000000e+00
398.500,0.000000e+00,0.000000e+00
399.500,0.000000e+00,0.000000e+00
400.500,0.000000e+00,0.000000e+00
401.500,0.000000e+00,0.000000e+00
402.500,0.000000e+00,0.000000e+00
403.500,0.000000e+00,0.000000e+00
404.500,0.000000e+00,0.000000e+00
405.500,0.000000e+00,0.000000e+00
406.500,0.000000e+00,0.000000e+00
407.500,0.000000e+00,0.000000e+00
408.500,0.000000e+00,0.000000e+00
409.500,0.000000e+00,0.000000e+00
410.500,0.000000e+00,0.000000e+00
411.500,0.000000e+00,0.000000e+00
412.500,0.000000e+00,0.000000e+00
413.500,0.000000e+00,0.000000e+00
414.500,0.000000e+00,0.000000e+00
415.500,0.000000e+00,0.000000e+00
416.500,0.000000e+00,0.000000e+00
417.500,0.000000e+00,0.000000e+00
418.500,0.000000e+00,0.000000e+00
419.500,0.000000e+00,0.000000e+00
420.500,0.000000e+00,0.000000e+00
421.500,0.000000e+00,0.000000e+00
422.500,0.000000e+00,0.000000e+00
423.500,0.000000e+00,0.000000e+00
424.500,0.000000e+00,0.000000e+00
425.500,0.000000e+00,0.000000e+00
426.500,0.000000e+00,0.000000e+00
427.500,0.000000e+00,0.000000e+00
428.500,0.000000e+00,0.000000e+00
429.500,0.000000e+00,0.000000e+00
430.500,0.000000e+00,0.000000e+00
431.500,0.000000e+00,0.000000e+00
432.500,0.000000e+00,0.000000e+00
433.500,0.000000e+00,0.000000e+00
434.500,0.000000e+00,0.000000e+00
435.500,0.000000e+00,0.000000e+00
436.500,0.000000e+00,0.000000e+00
437.500,0.000000e+00,0.000000e+00
438.500,0.000000e+00,0.000000e+00
439.500,0.000000e+00,0.000000e+00
440.500,0.000000e+00,0.000000e+00
441.500,0.000000e+00,0.000000e+00
442.500,0.000000e+00,0.000000e+00
443.500,0.000000e+00,0.000000e+00
444.500,0.000000e+00,0.000000e+00
445.500,0.000000e+00,0.000000e+00
446.500,0.000000e+00,0.000000e+00
447.500,0.000000e+00,0.000000e+00
448.500,0.000000e+00,0.000000e+00
449.500,0.000000e+00,0.000000e+00
450.500,0.000000e+00,0.000000e+00
451.500,0.000000e+00,0.000000e+00
452.500,0.000000e+00,0.000000e+00
453.500,0.000000e+00,0.000000e+00
454.500,0.000000e+00,0.000000e+00
455.500,0.000000e+00,0.000000e+00
456.500,0.000000e+00,0.000000e+00
457.500,0.000000e+00,0.000000e+00
458.500,0.000000e+00,0.000000e+00
459.500,0.000000e+00,0.000000e+00
460.500,0.000000e+00,0.000000e+00
461.500,0.000000e+00,0.000000e+00
462.500,0.000000e+00,0.000000e+00
463.500,0.000000e+00,0.000000e+00
464.500,0.000000e+00,0.000000e+00
465.500,0.000000e+00,0.000000e+00
466.500,0.000000e+00,0.000000e+00
467.500,0.000000e+00,0.000000e+00
468.500,0.000000e+00,0.000000e+00
469.500,0.000000e+00,0.000000e+00
470.500,0.000000e+00,0.000000e+00
471.500,0.000000e+00,0.000000e+00
472.500,0.000000e+00,0.000000e+00
473.500,0.000000e+00,0.000000e+00
474.500,0.000000e+00,0.000000e+00
475.500,0.000000e+00,0.000000e+00
476.500,0.000000e+00,0.000000e+00
477.500,0.000000e+00,0.000000e+00
478.500,0.000000e+00,0.000000e+00
479.500,0.000000e+00,0.000000e+00
480.500,0.000000e+00,0.000000e+00
481.500,0.000000e+00,0.000000e+00
482.500,0.000000e+00,0.000000e+00
483.500,0.000000e+00,0.000000e+00
484.500,0.000000e+00,0.000000e+00
485.500,0.000000e+00,0.000000e+00
486.500,0.000000e+00,0.000000e+00
487.500,0.000000e+00,0.000000e+00
488.500,0.000000e+00,0.000000e+00
489.500,0.000000e+00,0.000000e+00
490.500,0.000000e+00,0.000000e+00
491.500,0.000000e+00,0.000000e+00
492.500,0.000000e+00,0.000000e+00
493.500,0.000000e+00,0.000000e+00
494.500,0.000000e+00,0.000000e+00
495.500,0.000000e+00,0.000000e+00
496.500,0.000000e+00,0.000000e+00
497.500,0.000000e+00,0.000000e+00
498.500,0.000000e+00,0.000000e+00
499.500,0.000000e+00,0.000000e+00
500.500,0.000000e+00,0.000000e+00
501.500,0.000000e+00,0.000000e+00
502.500,0.000000e+00,0.000000e+00
503.500,0.000000e+00,0.000000e+00
504.500,0.000000e+00,0.000000e+00
505.500,0.000000e+00,0.000000e+00
506.500,0.000000e+00,0.000000e+00
507.500,0.000000e+00,0.000000e+00
508.500,0.000000e+00,0.000000e+00
509.500,0.000000e+00,0.000000e+00
510.500,0.000000e+00,0.000000e+00
511.500,0.000000e+00,0.000000e+00
512.500,0.000000e+00,0.000000e+00
513.500,0.000000e+00,0.000000e+00
514.500,0.000000e+00,0.000000e+00
515.500,0.000000e+00,0.000000e+00
516.500,0.000000e+00,0.000000e+00
517.500,0.000000e+00,0.000000e+00
518.500,0.000000e+00,0.000000e+00
519.500,0.000000e+00,0.000000e+00
520.500,0.000000e+00,0.000000e+00
521.500,0.000000e+00,0.000000e+00
522.500,0.000000e+00,0.000000e+00
523.500,0.000000e+00,0.000000e+00
524.500,0.000000e+00,0.000000e+00
525.500,0.000000e+00,0.000000e+00
526.500,0.000000e+00,0.000000e+00
527.500,0.000000e+00,0.000000e+00
528.500,0.000000e+00,0.000000e+00
529.500,0.000000e+00,0.000000e+00
530.500,0.000000e+00,0.000000e+00
531.500,0.000000e+00,0.000000e+00
532.500,0.000000e+00,0.000000e+00
533.500,0.000000e+00,0.000000e+00
534.500,0.000000e+00,0.000000e+00
535.500,0.000000e+00,0.000000e+00
536.500,0.000000e+00,0.000000e+00
537.500,0.000000e+00,0.000000e+00
538.500,0.000000e+00,0.000000e+00
539.500,0.000000e+00,0.000000e+00
540.500,0.000000e+00,0.000000e+00
541.500,0.000000e+00,0.000000e+00
542.500,0.000000e+00,0.000000e+00
543.500,0.000000e+00,0.000000e+00
544.500,0.000000e+00,0.000000e+00
545.500,0.000000e+00,0.000000e+00
546.500,0.000000e+00,0.000000e+00
547.500,0.000000e+00,0.000000e+00
548.500,0.000000e+00,0.000000e+00
549.500,0.000000e+00,0.000000e+00
550.500,0.000000e+00,0.000000e+00
551.500,0.000000e+00,0.000000e+00
552.500,0.000000e+00,0.000000e+00
553.500,0.000000e+00,0.000000e+00
554.500,0.000000e+00,0.000000e+00
555.500,0.000000e+00,0.000000e+00
556.500,0.000000e+00,0.000000e+00
557.500,0.000000e+00,0.000000e+00
558.500,0.000000e+00,0.000000e+00
559.500,0.000000e+00,0.000000e+00
560.500,0.000000e+00,0.000000e+00
561.500,0.000000e+00,0.000000e+00
562.500,0.000000e+00,0.000000e+00
563.500,0.000000e+00,0.000000e+00
564.500,0.000000e+00,0.000000e+00
565.500,0.000000e+00,0.000000e+00
566.500,0.000000e+00,0.000000e+00
567.500,0.000000e+00,0.000000e+00
568.500,0.000000e+00,0.000000e+00
569.500,0.000000e+00,0.000000e+00
570.500,0.000000e+00,0.000000e+00
571.500,0.000000e+00,0.000000e+00
572.500,0.000000e+00,0.000000e+00
573.500,0.000000e+00,0.000000e+00
574.500,0.000000e+00,0.000000e+00
575.500,0.000000e+00,0.000000e+00
576.500,0.000000e+00,0.000000e+00
577.500,0.000000e+00,0.000000e+00
578.500,0.000000e+00,0.000000e+00
579.500,0.000000e+00,0.000000e+00
580.500,0.000000e+00,0.000000e+00
581.500,0.000000e+00,0.000000e+00
582.500,0.000000e+00,0.000000e+00
583.500,0.000000e+00,0.000000e+00
584.500,0.000000e+00,0.000000e+00
585.500,0.000000e+00,0.000000e+00
586.500,0.000000e+00,0.000000e+00
587.500,0.000000e+00,0.000000e+00
588.500,0.000000e+00,0.000000e+00
589.500,0.000000e+00,0.000000e+00
590.500,0.000000e+00,0.000000e+00
591.500,0.000000e+00,0.000000e+00
592.500,0.000000e+00,0.000000e+00
593.500,0.000000e+00,0.000000e+00
594.500,0.000000e+00,0.000000e+00
595.500,0.000000e+00,0.000000e+00
596.500,0.000000e+00,0.000000e+00
597.500,0.000000e+00,0.000000e+00
598.500,0.000000e+00,0.000000e+00
599.500,0.000000e+00,0.000000e+00
600.500,0.000000e+00,0.000000e+00
601.500,0.000000e+00,0.000000e+00
602.500,0.000000e+00,0.000000e+00
603.500,0.000000e+00,0.000000e+00
604.500,0.000000e+00,0.000000e+00
605.500,0.000000e+00,0.000000e+00
606.500,0.000000e+00,0.000000e+00
607.500,0.000000e+00,0.000000e+00
608.500,0.000000e+00,0.000000e+00
609.500,0.000000e+00,0.000000e+00
610.500,0.000000e+00,0.000000e+00
611.500,0.000000e+00,0.000000e+00
612.500,0.000000e+00,0.000000e+00
613.500,0.000000e+00,0.000000e+00
614.500,0.000000e+00,0.000000e+00
615.500,0.000000e+00,0.000000e+00
616.500,0.000000e+00,0.000000e+00
617.500,0.000000e+00,0.000000e+00
618.500,0.000000e+00,0.000000e+00
619.500,0.000000e+00,0.000000e+00
620.500,0.000000e+00,0.000000e+00
621.500,0.000000e+00,0.000000e+00
622.500,0.000000e+00,0.000000e+00
623.500,0.000000e+00,0.000000e+00
624.500,0.000000e+00,0.000000e+00
625.500,0.000000e+00,0.000000e+00
626.500,0.000000e+00,0.000000e+00
627.500,0.000000e+00,0.000000e+00
628.500,0.000000e+00,0.000000e+00
629.500,0.000000e+00,0.000000e+00
630.500,0.000000e+00,0.000000e+00
631.500,0.000000e+00,0.000000e+00
632.500,0.000000e+00,0.000000e+00
633.500,0.000000e+00,0.000000e+00
634.500,0.000000e+00,0.000000e+00
635.500,0.000000e+00,0.000000e+00
636.500,0.000000e+00,0.000000e+00
637.500,0.000000e+00,0.000000e+00
638.500,0.000000e+00,0.000000e+00
639.500,0.000000e+00,0.000000e+00
640.500,0.000000e+00,0.000000e+00
641.500,0.000000e+00,0.000000e+00
642.500,0.000000e+00,0.000000e+00
643.500,0.000000e+00,0.000000e+00
644.500,0.000000e+00,0.000000e+00
645.500,0.000000e+00,0.000000e+00
646.500,0.000000e+00,0.000000e+00
647.500,0.000000e+00,0.000000e+00
648.500,0.000000e+00,0.000000e+00
649.500,0.000000e+00,0.000000e+00
650.500,0.000000e+00,0.000000e+00
651.500,0.000000e+00,0.000000e+00
652.500,0.000000e+00,0.000000e+00
653.500,0.000000e+00,0.000000e+00
654.500,0.000000e+00,0.000000e+00
655.500,0.000000e+00,0.000000e+00
656.500,0.000000e+00,0.000000e+00
657.500,0.000000e+00,0.000000e+00
658.500,0.000000e+00,0.000000e+00
659.500,0.000000e+00,0.000000e+00
660.500,0.000000e+00,0.000000e+00
661.500,0.000000e+00,0.000000e+00
662.500,0.000000e+00,0.000000e+00
663.500,0.000000e+00,0.000000e+00
664.500,0.000000e+00,0.000000e+00
665.500,0.000000e+00,0.000000e+00
666.500,0.000000e+00,0.000000e+00
667.500,0.000000e+00,0.000000e+00
668.500,0.000000e+00,0.000000e+00
669.500,0.000000e+00,0.000000e+00
670.500,0.000000e+00,0.000000e+00
671.500,0.000000e+00,0.000000e+00
672.500,0.000000e+00,0.000000e+00
673.500,0.000000e+00,0.000000e+00
674.500,0.000000e+00,0.000000e+00
675.500,0.000000e+00,0.000000e+00
676.500,0.000000e+00,0.000000e+00
677.500,0.000000e+00,0.000000e+00
678.500,0.000000e+00,0.000000e+00
679.500,0.000000e+00,0.000000e+00
680.500,0.000000e+00,0.000000e+00
681.500,0.000000e+00,0.000000e+00
682.500,0.000000e+00,0.000000e+00
683.500,0.000000e+00,0.000000e+00
684.500,0.000000e+00,0.000000e+00
685.500,0.000000e+00,0.000000e+00
686.500,0.000000e+00,0.000000e+00
687.500,0.000000e+00,0.000000e+00
688.500,0.000000e+00,0.000000e+00
689.500,0.000000e+00,0.000000e+00
690.500,0.000000e+00,0.000000e+00
691.500,0.000000e+00,0.000000e+00
692.500,0.000000e+00,0.000000e+00
693.500,0.000000e+00,0.000000e+00
694.500,0.000000e+00,0.000000e+00
695.500,0.000000e+00,0.000000e+00
696.500,0.000000e+00,0.000000e+00
697.500,0.000000e+00,0.000000e+00
698.500,0.000000e+00,0.000000e+00
699.500,0.000000e+00,0.000000e+00
700.500,0.000000e+00,0.000000e+00
701.500,0.000000e+00,0.000000e+00
702.500,0.000000e+00,0.000000e+00
703.500,0.000000e+00,0.000000e+00
704.500,0.000000e+00,0.000000e+00
705.500,0.000000e+00,0.000000e+00
706.500,0.000000e+00,0.000000e+00
707.500,0.000000e+00,0.000000e+00
708.500,0.000000e+00,0.000000e+00
709.500,0.000000e+00,0.000000e+00
710.500,0.000000e+00,0.000000e+00
711.500,0.000000e+00,0.000000e+00
712.500,0.000000e+00,0.000000e+00
713.500,0.000000e+00,0.000000e+00
714.500,0.000000e+00,0.000000e+00
715.500,0.000000e+00,0.000000e+00
716.500,0.000000e+00,0.000000e+00
717.500,0.000000e+00,0.000000e+00
718.500,0.000000e+00,0.000000e+00
719.500,0.000000e+00,0.000000e+00
720.500,0.000000e+00,0.000000e+00
721.500,0.000000e+00,0.000000e+00
722.500,0.000000e+00,0.000000e+00
723.500,0.000000e+00,0.000000e+00
724.500,0.000000e+00,0.000000e+00
725.500,0.000000e+00,0.000000e+00
726.500,0.000000e+00,0.000000e+00
727.500,0.000000e+00,0.000000e+00
728.500,0.000000e+00,0.000000e+00
729.500,0.000000e+00,0.000000e+00
730.500,0.000000e+00,0.000000e+00
731.500,0.000000e+00,0.000000e+00
732.500,0.000000e+00,0.000000e+00
733.500,0.000000e+00,0.000000e+00
734.500,0.000000e+00,0.000000e+00
735.500,0.000000e+00,0.000000e+00
736.500,0.000000e+00,0.000000e+00
737.500,0.000000e+00,0.000000e+00
738.500,0.000000e+00,0.000000e+00
739.500,0.000000e+00,0.000000e+00
740.500,0.000000e+00,0.000000e+00
741.500,0.000000e+00,0.000000e+00
742.500,0.000000e+00,0.000000e+00
743.500,0.000000e+00,0.000000e+00
744.500,0.000000e+00,0.000000e+00
745.500,0.000000e+00,0.000000e+00
746.500,0.000000e+00,0.000000e+00
747.500,0.000000e+00,0.000000e+00
748.500,0.000000e+00,0.000000e+00
749.500,0.000000e+00,0.000000e+00
750.500,0.000000e+00,0.000000e+00
751.500,0.000000e+00,0.000000e+00
752.500,0.000000e+00,0.000000e+00
753.500,0.000000e+00,0.000000e+00
754.500,0.000000e+00,0.000000e+00
755.500,0.000000e+00,0.000000e+00
756.500,0.000000e+00,0.000000e+00
757.500,0.000000e+00,0.000000e+00
758.500,0.000000e+00,0.000000e+00
759.500,0.000000e+00,0.000000e+00
760.500,0.000000e+00,0.000000e+00
761.500,0.000000e+00,0.000000e+00
762.500,0.000000e+00,0.000000e+00
763.500,0.000000e+00,0.000000e+00
764.500,0.000000e+00,0.000000e+00
765.500,0.000000e+00,0.000000e+00
766.500,0.000000e+00,0.000000e+00
767.500,0.000000e+00,0.000000e+00
768.500,0.000000e+00,0.000000e+00
769.500,0.000000e+00,0.000000e+00
770.500,0.000000e+00,0.000000e+00
771.500,0.000000e+00,0.000000e+00
772.500,0.000000e+00,0.000000e+00
773.500,0.000000e+00,0.000000e+00
774.500,0.000000e+00,0.000000e+00
775.500,0.000000e+00,0.000000e+00
776.500,0.000000e+00,0.000000e+00
777.500,0.000000e+00,0.000000e+00
778.500,0.000000e+00,0.000000e+00
779.500,0.000000e+00,0.000000e+00
780.500,0.000000e+00,0.000000e+00
781.500,0.000000e+00,0.000000e+00
782.500,0.000000e+00,0.000000e+00
783.500,0.000000e+00,0.000000e+00
784.500,0.000000e+00,0.000000e+00
785.500,0.000000e+00,0.000000e+00
786.500,0.000000e+00,0.000000e+00
787.500,0.000000e+00,0.000000e+00
788.500,0.000000e+00,0.000000e+00
789.500,0.000000e+00,0.000000e+00
790.500,0.000000e+00,0.000000e+00
791.500,0.000000e+00,0.000000e+00
792.500,0.000000e+00,0.000000e+00
793.500,0.000000e+00,0.000000e+00
794.500,0.000000e+00,0.000000e+00
795.500,0.000000e+00,0.000000e+00
796.500,0.000000e+00,0.000000e+00
797.500,0.000000e+00,0.000000e+00
798.500,0.000000e+00,0.000000e+00
799.500,0.000000e+00,0.000000e+00
800.500,0.000000e+00,0.000000e+00
801.500,0.000000e+00,0.000000e+00
802.500,0.000000e+00,0.000000e+00
803.500,0.000000e+00,0.000000e+00
804.500,0.000000e+00,0.000000e+00
805.500,0.000000e+00,0.000000e+00
806.500,0.000000e+00,0.000000e+00
807.500,0.000000e+00,0.000000e+00
808.500,0.000000e+00,0.000000e+00
809.500,0.000000e+00,0.000000e+00
810.500,0.000000e+00,0.000000e+00
811.500,0.000000e+00,0.000000e+00
812.500,0.000000e+00,0.000000e+00
813.500,0.000000e+00,0.000000e+00
814.500,0.000000e+00,0.000000e+00
815.500,0.000000e+00,0.000000e+00
816.500,0.000000e+00,0.000000e+00
817.500,0.000000e+00,0.000000e+00
818.500,0.000000e+00,0.000000e+00
819.500,0.000000e+00,0.000000e+00
820.500,0.000000e+00,0.000000e+00
821.500,0.000000e+00,0.000000e+00
822.500,0.000000e+00,0.000000e+00
823.500,0.000000e+00,0.000000e+00
824.500,0.000000e+00,0.000000e+00
825.500,0.000000e+00,0.000000e+00
826.500,0.000000e+00,0.000000e+00
827.500,0.000000e+00,0.000000e+00
828.500,0.000000e+00,0.000000e+00
829.500,0.000000e+00,0.000000e+00
830.500,0.000000e+00,0.000000e+00
831.500,0.000000e+00,0.000000e+00
832.500,0.000000e+00,0.000000e+00
833.500,0.000000e+00,0.000000e+00
834.500,0.000000e+00,0.000000e+00
835.500,0.000000e+00,0.000000e+00
836.500,0.000000e+00,0.000000e+00
837.500,0.000000e+00,0.000000e+00
838.500,0.000000e+00,0.000000e+00
839.500,0.000000e+00,0.000000e+00
840.500,0.000000e+00,0.000000e+00
841.500,0.000000e+00,0.000000e+00
842.500,0.000000e+00,0.000000e+00
843.500,0.000000e+00,0.000000e+00
844.500,0.000000e+00,0.000000e+00
845.500,0.000000e+00,0.000000e+00
846.500,0.000000e+00,0.000000e+00
847.500,0.000000e+00,0.000000e+00
848.500,0.000000e+00,0.000000e+00
849.500,0.000000e+00,0.000000e+00
850.500,0.000000e+00,0.000000e+00
851.500,0.000000e+00,0.000000e+00
852.500,0.000000e+00,0.000000e+00
853.500,0.000000e+00,0.000000e+00
854.500,0.000000e+00,0.000000e+00
855.500,0.000000e+00,0.000000e+00
856.500,0.000000e+00,0.000000e+00
857.500,0.000000e+00,0.000000e+00
858.500,0.000000e+00,0.000000e+00
859.500,0.000000e+00,0.000000e+00
860.500,0.000000e+00,0.000000e+00
861.500,0.000000e+00,0.000000e+00
862.500,0.000000e+00,0.000000e+00
863.500,0.000000e+00,0.000000e+00
864.500,0.000000e+00,0.000000e+00
865.500,0.000000e+00,0.000000e+00
866.500,0.000000e+00,0.000000e+00
867.500,0.000000e+00,0.000000e+00
868.500,0.000000e+00,0.000000e+00
869.500,0.000000e+00,0.000000e+00
870.500,0.000000e+00,0.000000e+00
871.500,0.000000e+00,0.000000e+00
872.500,0.000000e+00,0.000000e+00
873.500,0.000000e+00,0.000000e+00
874.500,0.000000e+00,0.000000e+00
875.500,0.000000e+00,0.000000e+00
876.500,0.000000e+00,0.000000e+00
877.500,0.000000e+00,0.000000e+00
878.500,0.000000e+00,0.000000e+00
879.500,0.000000e+00,0.000000e+00
880.500,0.000000e+00,0.000000e+00
881.500,0.000000e+00,0.000000e+00
882.500,0.000000e+00,0.000000e+00
883.500,0.000000e+00,0.000000e+00
884.500,0.000000e+00,0.000000e+00
885.500,0.000000e+00,0.000000e+00
886.500,0.000000e+00,0.000000e+00
887.500,0.000000e+00,0.000000e+00
888.500,0.000000e+00,0.000000e+00
889.500,0.000000e+00,0.000000e+00
890.500,0.000000e+00,0.000000e+00
891.500,0.000000e+00,0.000000e+00
892.500,0.000000e+00,0.000000e+00
893.500,0.000000e+00,0.000000e+00
894.500,0.000000e+00,0.000000e+00
895.500,0.000000e+00,0.000000e+00
896.500,0.000000e+00,0.000000e+00
897.500,0.000000e+00,0.000000e+00
898.500,0.000000e+00,0.000000e+00
899.500,0.000000e+00,0.000000e+00
900.500,0.000000e+00,0.000000e+00
901.500,0.000000e+00,0.000000e+00
902.500,0.000000e+00,0.000000e+00
903.500,0.000000e+00,0.000000e+00
904.500,0.000000e+00,0.000000e+00
905.500,0.000000e+00,0.000000e+00
906.500,0.000000e+00,0.000000e+00
907.500,0.000000e+00,0.000000e+00
908.500,0.000000e+00,0.000000e+00
909.500,0.000000e+00,0.000000e+00
910.500,0.000000e+00,0.000000e+00
911.500,0.000000e+00,0.000000e+00
912.500,0.000000e+00,0.000000e+00
913.500,0.000000e+00,0.000000e+00
914.500,0.000000e+00,0.000000e+00
915.500,0.000000e+00,0.000000e+00
916.500,0.000000e+00,0.000000e+00
917.500,0.000000e+00,0.000000e+00
918.500,0.000000e+00,0.000000e+00
919.500,0.000000e+00,0.000000e+00
920.500,0.000000e+00,0.000000e+00
921.500,0.000000e+00,0.000000e+00
922.500,0.000000e+00,0.000000e+00
923.500,0.000000e+00,0.000000e+00
924.500,0.000000e+00,0.000000e+00
925.500,0.000000e+00,0.000000e+00
926.500,0.000000e+00,0.000000e+00
927.500,0.000000e+00,0.000000e+00
928.500,0.000000e+00,0.000000e+00
929.500,0.000000e+00,0.000000e+00
930.500,0.000000e+00,0.000000e+00
931.500,0.000000e+00,0.000000e+00
932.500,0.000000e+00,0.000000e+00
933.500,0.000000e+00,0.000000e+00
934.500,0.000000e+00,0.000000e+00
935.500,0.000000e+00,0.000000e+00
936.500,0.000000e+00,0.000000e+00
937.500,0.000000e+00,0.000000e+00
938.500,0.000000e+00,0.000000e+00
939.500,0.000000e+00,0.000000e+00
940.500,0.000000e+00,0.000000e+00
941.500,0.000000e+00,0.000000e+00
942.500,0.000000e+00,0.000000e+00
943.500,0.000000e+00,0.000000e+00
944.500,0.000000e+00,0.000000e+00
945.500,0.000000e+00,0.000000e+00
946.500,0.000000e+00,0.000000e+00
947.500,0.000000e+00,0.000000e+00
948.500,0.000000e+00,0.000000e+00
949.500,0.000000e+00,0.000000e+00
950.500,0.000000e+00,0.000000e+00
951.500,0.000000e+00,0.000000e+00
952.500,0.000000e+00,0.000000e+00
953.500,0.000000e+00,0.000000e+00
954.500,0.000000e+00,0.000000e+00
955.500,0.000000e+00,0.000000e+00
956.500,0.000000e+00,0.000000e+00
957.500,0.000000e+00,0.000000e+00
958.500,0.000000e+00,0.000000e+00
959.500,0.000000e+00,0.000000e+00
960.500,0.000000e+00,0.000000e+00
961.500,0.000000e+00,0.000000e+00
962.500,0.000000e+00,0.000000e+00
963.500,0.000000e+00,0.000000e+00
964.500,0.000000e+00,0.000000e+00
965.500,0.000000e+00,0.000000e+00
966.500,0.000000e+00,0.000000e+00
967.500,0.000000e+00,0.000000e+00
968.500,0.000000e+00,0.000000e+00
969.500,0.000000e+00,0.000000e+00
970.500,0.000000e+00,0.000000e+00
971.500,0.000000e+00,0.000000e+00
972.500,0.000000e+00,0.000000e+00
973.500,0.000000e+00,0.000000e+00
974.500,0.000000e+00,0.000000e+00
975.500,0.000000e+00,0.000000e+00
976.500,0.000000e+00,0.000000e+00
977.500,0.000000e+00,0.000000e+00
978.500,0.000000e+00,0.000000e+00
979.500,0.000000e+00,0.000000e+00
980.500,0.000000e+00,0.000000e+00
981.500,0.000000e+00,0.000000e+00
982.500,0.000000e+00,0.000000e+00
983.500,0.000000e+00,0.000000e+00
984.500,0.000000e+00,0.000000e+00
985.500,0.000000e+00,0.000000e+00
986.500,0.000000e+00,0.000000e+00
987.500,0.000000e+00,0.000000e+00
988.500,0.000000e+00,0.000000e+00
989.500,0.000000e+00,0.000000e+00
990.500,0.000000e+00,0.000000e+00
991.500,0.000000e+00,0.000000e+00
992.500,0.000000e+00,0.000000e+00
993.500,0.000000e+00,0.000000e+00
994.500,0.000000e+00,0.000000e+00
995.500,0.000000e+00,0.000000e+00
996.500,0.000000e+00,0.000000e+00
997.500,0.000000e+00,0.000000e+00
998.500,0.000000e+00,0.000000e+00
999.500,0.000000e+00,0.000000e+00
